id,kind,obligation,quote,why_actionable,status,topic,source_id,doc,conflict_note
network-data-risk-assessment-2026-08-20-deadline,deadline,重要数据处理者须在年度风险评估完成后20个工作日内向主管部门报送风险评估报告，主管部门不明确的报省级或国家网信部门。,重要数据处理者应当在年度风险评估完成后的20个工作日内按照有关主管部门要求向其报送风险评估报告,合规官须把年度网络数据安全风险评估的完成日期作为倒计时起点，20个工作日内完成报送并确定报送对象（主管部门/省级网信/国家网信）。,in_force,audit,network-data-risk-assessment-2026-08-20,06-数据分类分级与合规审计.md,
network-data-risk-assessment-2026-08-20-procedure,procedure,《网络数据安全风险评估办法》自2026年8月20日起施行，为现行有效的强制性规则。,《网络数据安全风险评估办法》于2026年8月20日起施行,"生效日已到，合规官须立即将年度风险评估与报送纳入当年合规日历，不能再按""待施行""处理。",in_force,general,network-data-risk-assessment-2026-08-20,01-法律法规体系.md,
large-pi-processor-draft-draft-2026-08-07-threshold,threshold,"（征求意见稿）处理1000万人以上自然人个人信息是""大型个人信息处理者""认定的量化门槛之一。",（一）处理1000万人以上自然人个人信息；,合规官须先统计自身个人信息主体人数是否达到1000万，据此判断未来是否落入大型处理者专属义务体系；当前仅为征求意见稿，不得对外宣称已生效。,draft_for_comment,platform,large-pi-processor-draft-draft-2026-08-07,01-法律法规体系.md,
large-pi-processor-draft-draft-2026-08-07-deadline,deadline,（征求意见稿）达标者须主动通过省级网信部门向国家网信部门申报大型个人信息处理者认定，省级部门15个工作日内完成材料完备性查验。,省级网信部门应当自收到申报材料之日起15个工作日内完成完备性查验,合规官需预备申报材料包并预留15个工作日查验窗口；未主动申报的会被监管督促申报，国家网信部门另会公告大型处理者清单，须自查是否在列。,draft_for_comment,platform,large-pi-processor-draft-draft-2026-08-07,01-法律法规体系.md,
large-pi-processor-draft-draft-2026-08-07-deadline-2,deadline,（征求意见稿）被认定后6个月内须成立以外部成员为主的个人信息保护监督委员会，并经省级网信部门向国家网信部门报送成立情况、工作规则与成员名单。,大型个人信息处理者应当自被认定之日起6个月内成立主要由外部成员组成的个人信息保护监督委员会,合规官须按6个月倒排：选聘外部成员、做背景审查、制定工作规则、完成报送；征求意见稿阶段可先做预案不作为已生效义务执行。,draft_for_comment,audit,large-pi-processor-draft-draft-2026-08-07,01-法律法规体系.md,
large-pi-processor-draft-draft-2026-08-07-procedure,procedure,（征求意见稿）监督委员会成员须为单数且不少于7名，外部成员占比不低于三分之二，负责人由外部成员担任。,不少于7名，外部成员占比不低于三分之二,合规官据此测算至少需外聘5名符合独立性条件（近一年无任职/持股1%以上等）的外部专家，且单人同时受聘不得超过3家。,draft_for_comment,audit,large-pi-processor-draft-draft-2026-08-07,01-法律法规体系.md,
large-pi-processor-draft-draft-2026-08-07-deadline-3,deadline,（征求意见稿）自被认定之日起30个工作日内须向所在地设区的市级网信部门报送个人信息保护负责人、履职保障措施及数据中心基本信息；信息变更后30个工作日内报送变更。,大型个人信息处理者应当自被认定之日起30个工作日内向所在地设区的市级网信部门报送下列信息,合规官须建立PIPO与数据中心信息台账并设变更触发报送流程，报送对象是市级网信部门（区别于监督委员会走省级转国家级）。,draft_for_comment,audit,large-pi-processor-draft-draft-2026-08-07,01-法律法规体系.md,
large-pi-processor-draft-draft-2026-08-07-deadline-4,deadline,（征求意见稿）上线涉及自动化决策、敏感个人信息处理等重大影响的产品功能须事前做影响评估，并在评估完成后15个工作日内经省级网信部门报国家网信部门备案。,并在评估完成后的15个工作日内通过所在地省级网信部门将影响评估报告报国家网信部门备案,合规官须把PIA备案卡进产品发布流程（评估在上线前、备案在评估后15个工作日内），并保存影响评估报告至少三年。,draft_for_comment,general,large-pi-processor-draft-draft-2026-08-07,06-数据分类分级与合规审计.md,
large-pi-processor-draft-draft-2026-08-07-filing,filing,（征求意见稿）须每两年至少开展一次个人信息保护合规审计、每年开展一次个人信息处理活动风险评估，并至少每两年报送合规审计报告、每年第一季度报送监督委员会上年度履职情况。,大型个人信息处理者应当每两年至少开展一次个人信息保护合规审计，每年对其个人信息处理活动开展风险评估,合规官须排两条不同周期的审计/评估日历（2年审计、1年风评），并预留每年Q1的监督委员会履职情况报送窗口。,draft_for_comment,audit,large-pi-processor-draft-draft-2026-08-07,06-数据分类分级与合规审计.md,
large-pi-processor-draft-draft-2026-08-07-procedure-2,procedure,（征求意见稿）须每年编制并于上半年发布上一年度个人信息保护社会责任报告，内容含监督委员会履职情况与外部成员津贴标准。,大型个人信息处理者应当每年编制并于上半年发布上一年度个人信息保护社会责任报告,合规官须在每年6月30日前完成上年度社会责任报告公开发布，并在报告中披露外部成员独立性评估专项意见与津贴标准。,draft_for_comment,audit,large-pi-processor-draft-draft-2026-08-07,01-法律法规体系.md,
large-pi-processor-draft-draft-2026-08-07-procedure-3,procedure,（征求意见稿）境内运营中收集和产生的个人信息须存储在境内，且数据中心须设在境内、其管理机构法定代表人或实际控制人具有中国国籍。,大型个人信息处理者应当将在中华人民共和国境内运营中收集和产生的个人信息存储在境内,合规官须核查存储架构与数据中心供应商的注册地及法定代表人国籍，委托第三方数据中心的须签书面合同约定第十四、十五条义务。,draft_for_comment,platform,large-pi-processor-draft-draft-2026-08-07,04-数据跨境专题.md,
platform-supervision-committee-draft-draft-deadline,deadline,（征求意见稿）平台须自收到监督意见之日起10个工作日内处理监督委员会作出的监督意见。,大型网络平台服务提供者应当自收到监督意见之日起10个工作日内处理监督委员会作出的监督意见,合规官不得按此稿建制：该稿仅为2025年征求意见稿（意见截止2025年10月12日），已被2026-08-07新稿整合替代，内部制度应对标新稿（如定期会议由每3个月改为至少每6个月）。,draft_for_comment,audit,platform-supervision-committee-draft-draft-2025-09-12,01-法律法规体系.md,"本稿为2025-09-12《大型网络平台设立个人信息保护监督委员会规定(征求意见稿)》,意见截止2025-10-12,已被2026-08-07《大型个人信息处理者个人信息保护规定(征求意见稿)》整合替代(如定期会议由每3个月改为至少每6个月)。内部制度应对标新稿,不得按本稿建制。"
pi-export-certification-measures-2025-10-1-threshold,threshold,"认证路径的准入区间为:自当年1月1日起累计向境外提供10万人以上、不满100万人个人信息(不含敏感个人信息),或者不满1万人敏感个人信息。",（二）自当年1月1日起累计向境外提供10万人以上、不满100万人个人信息（不含敏感个人信息）或者不满1万人敏感个人信息。,合规官需按自然年起算累计出境人数，落一个持续计数口径，人数一旦跨过100万/1万敏感即刻切换到安全评估申报，不能再用认证证书。,in_force,cross_border,pi-export-certification-measures-2025-10-17,04-数据跨境专题.md,"安评触发线由《促进和规范数据跨境流动规定》第七条、第八条规定,不在本办法内;本条不承载「超过即须安评」的结论。"
pi-export-certification-measures-2025-10-1-procedure,procedure,认证路径的另一前置条件是本企业不属于关键信息基础设施运营者，且出境数据不含重要数据。,（一）非关键信息基础设施运营者；,申请前必须先自查是否被认定为CIIO、出境数据是否含重要数据，任一命中则认证路径直接不可用，需改走安全评估。,in_force,cross_border,pi-export-certification-measures-2025-10-17,04-数据跨境专题.md,
pi-export-certification-measures-2025-10-1-procedure-2,procedure,禁止通过数量拆分等手段规避出境安全评估、改用认证方式出境。,不得采取数量拆分等手段，将依法应当通过出境安全评估的个人信息通过个人信息出境认证的方式向境外提供,合规官需禁止把一条出境业务拆成多主体/多批次以压到10万-100万区间，并在内部审批留痕证明未做拆分安排。,in_force,cross_border,pi-export-certification-measures-2025-10-17,04-数据跨境专题.md,
pi-export-certification-measures-2025-10-1-procedure-3,procedure,申请认证出境前必须先完成告知、取得个人单独同意，并按办法第六条六项内容做个人信息保护影响评估。,应当按照法律、行政法规的规定履行告知、取得个人单独同意、进行个人信息保护影响评估等义务,提交认证委托前需备齐单独同意的取得记录和一份覆盖六项评估要点（含境外接收方所在国法规影响）的PIA报告，否则受理即缺件。,in_force,cross_border,pi-export-certification-measures-2025-10-17,04-数据跨境专题.md,
pi-export-certification-measures-2025-10-1-deadline,deadline,认证证书有效期3年；需继续使用的必须在有效期届满前6个月提出认证申请。,认证证书的有效期为3年。证书到期需继续使用的，个人信息处理者应当在有效期届满前6个月提出认证申请。,合规日历需在证书到期日前6个月设置强提醒并启动续证委托，逾期将出现证书空窗、出境行为失去合法性基础。,in_force,cross_border,pi-export-certification-measures-2025-10-17,04-数据跨境专题.md,
pi-cert-institutions-2025-12-30-filing,filing,目前仅3家已完成备案的专业认证机构可受理个人信息出境认证申请：中国网络安全审查认证和市场监管大数据中心、中央网信办数据与技术保障中心、北京赛西认证有限责任公司。,中国网络安全审查认证和市场监管大数据中心、中央网信办（国家网信办）数据与技术保障中心、北京赛西认证有限责任公司3家机构,选机构时须核对是否在这份备案名单内，向名单外机构申请拿到的证书不构成合法出境依据；名单会随备案公示扩容，需定期复核。,in_force,cross_border,pi-cert-institutions-2025-12-30,04-数据跨境专题.md,
pi-cert-standard-change-2025-12-25-deadline,deadline,自2025年12月25日公告发布之日起，涉及跨境处理活动的个人信息保护认证依据标准变更为GB/T 35273与GB/T 46068。,涉及跨境处理活动的个人信息保护认证依据标准变更为GB/T 35273、GB/T 46068。,内控差距分析要从原TC260-PG-20222A《个人信息跨境处理活动安全认证规范》切换到GB/T 46068重新对标，旧版检查清单必须废止重编。,in_force,cross_border,pi-cert-standard-change-2025-12-25,02-国家标准与TC260实践指南.md,
pi-cert-standard-change-2025-12-25-procedure,procedure,《个人信息出境认证办法》为网信办与市场监管总局令第20号，是认证路径的现行上位依据。,《个人信息出境认证办法》（国家互联网信息办公室、国家市场监督管理总局令第20号）,对外文件、申报材料引用出境认证依据时须写明令第20号，避免仍引用2022年公告体系导致依据过时。,in_force,cross_border,pi-cert-standard-change-2025-12-25,01-法律法规体系.md,
pi-export-certification-measures-2025-10-1-procedure-4,procedure,《个人信息出境认证办法》自2026年1月1日起施行，且施行前不一致的规定一律按本办法执行。,本办法自2026年1月1日起施行,2026年1月1日为制度切换点，之前依据旧规则设计的认证方案需在该日前完成对新办法的合规复核。,in_force,cross_border,pi-export-certification-measures-2025-10-17,01-法律法规体系.md,
pi-export-certification-measures-2025-10-1-procedure-5,procedure,境外个人信息处理者申请出境认证，必须由其在境内设立的专门机构或指定代表协助提出申请。,中华人民共和国境外的个人信息处理者申请个人信息出境认证的，应当由其在境内设立的专门机构或者指定代表协助进行申请。,外资/离岸主体在提交申请前须先落地境内专门机构或书面指定代表并留存授权文件，否则无法受理。,in_force,cross_border,pi-export-certification-measures-2025-10-17,04-数据跨境专题.md,
pi-export-certification-measures-2025-10-1-penalty,penalty,实际出境情况与认证范围不一致等不再符合认证要求的，认证机构应暂停直至撤销证书，并在全国认证认可信息公共服务平台公布。,发现获证个人信息处理者存在个人信息出境情况与认证范围不一致等情形,需建立出境场景与证书认证范围的比对台账，新增接收方、新增数据类型或新增出境目的前先走变更，否则面临证书暂停撤销且被公开公示。,in_force,cross_border,pi-export-certification-measures-2025-10-17,04-数据跨境专题.md,
pi-certification-impl-rules-2022-11-18-procedure,procedure,证书有效期内处理者名称、注册地址或认证要求、认证范围发生变化的，须向认证机构提出变更委托。,若获得认证的个人信息处理者名称、注册地址，或认证要求、认证范围等发生变化时，认证委托人应当向认证机构提出变更委托。,公司更名、迁址、业务范围调整触发主动变更申报义务，并可能需重新技术验证/现场审核，须纳入法务变更流程的必检项。,in_force,cross_border,pi-certification-impl-rules-2022-11-18,04-数据跨境专题.md,
cross-border-assessment-guide-v3-2025-06-2-deadline,deadline,评估结果有效期届满、符合延期条件的，数据处理者须在有效期届满前60个工作日内向网信部门提出延长评估结果有效期申请。,可以在有效期届满前60个工作日内提出延长评估结果有效期申请,"第三版指南新增“延期”通道:合规官需在台账里为每份评估结果设置“到期前60个工作日”触发点,决定走延期申请而不是重新走全套申报,并按第三版材料清单准备延期材料。",in_force,cross_border,cross-border-assessment-guide-v3-2025-06-27,04-数据跨境专题.md,
qa-2022-07-07-threshold,threshold,"关键信息基础设施运营者、以及处理100万人以上个人信息的数据处理者向境外提供个人信息,必须申报数据出境安全评估。",关键信息基础设施运营者和处理100万人以上个人信息的数据处理者向境外提供个人信息,合规官需统计本方个人信息处理总人数是否越过100万人门槛、并确认自身是否被认定为CIIO;越线即从“标准合同备案”路径切换到强制安全评估申报。,superseded,cross_border,qa-2022-07-07,04-数据跨境专题.md,"《促进和规范数据跨境流动规定》(2024-03-22)第七条、第八条已重述安评触发线为「自当年1月1日起累计向境外提供100万人以上个人信息(不含敏感)或1万人以上敏感个人信息」,10万–100万区间改走标准合同或认证;该规定第十三条明定与令第11号、令第13号不一致的适用本规定。本条保留以标明演进,不得按旧口径执行。"
qa-2022-07-07-threshold-2,threshold,"自上年1月1日起累计向境外提供10万人个人信息、或1万人敏感个人信息的数据处理者,再向境外提供个人信息须申报安全评估。",自上年1月1日起累计向境外提供10万人个人信息或者1万人敏感个人信息的数据处理者向境外提供个人信息,"需要建立“自上年1月1日起”的累计出境人数计数器(普通10万/敏感1万两个计数口径),接近阈值时提前启动安全评估申报,而不是等触发后再补。",superseded,cross_border,qa-2022-07-07,04-数据跨境专题.md,"《促进和规范数据跨境流动规定》(2024-03-22)第七条、第八条已重述安评触发线为「自当年1月1日起累计向境外提供100万人以上个人信息(不含敏感)或1万人以上敏感个人信息」,10万–100万区间改走标准合同或认证;该规定第十三条明定与令第11号、令第13号不一致的适用本规定。本条保留以标明演进,不得按旧口径执行。"
qa-2023-02-24-deadline,deadline,"个人信息处理者应当在标准合同生效之日起10个工作日内向所在地省级网信部门备案,提交标准合同和个人信息保护影响评估报告。",个人信息处理者应当在标准合同生效之日起10个工作日内向所在地省级网信部门备案,"备案期限从“合同生效日”起算而非签署日:合同管理流程要记录生效日并在10个工作日内完成省级网信备案,同时提前备好PIA报告(两份材料缺一不可)。",in_force,cross_border,qa-2023-02-24,04-数据跨境专题.md,
qa-2023-02-24-threshold,threshold,走标准合同路径须同时满足四项条件:非CIIO、处理个人信息不满100万人、自上年1月1日起累计出境个人信息不满10万人、累计出境敏感个人信息不满1万人。,三是自上年1月1日起累计向境外提供个人信息不满10万人的；四是自上年1月1日起累计向境外提供敏感个人信息不满1万人的,"这是标准合同路径的准入天花板,合规官需按季度复核四项指标,任一项越线即必须改走安全评估申报,已备案的标准合同不能继续作为出境依据。",in_force,cross_border,qa-2023-02-24,04-数据跨境专题.md,
qa-2022-07-07-deadline,deadline,"通过数据出境安全评估的结果有效期为2年,自评估结果出具之日起计算。",通过数据出境安全评估的结果有效期为2年，自评估结果出具之日起计算,"合规台账须以“评估结果出具日”为锚点记录2年到期日,而非以申报日或批复送达日计算,否则到期提醒会整体偏移。",superseded,cross_border,qa-2022-07-07,04-数据跨境专题.md,"《促进和规范数据跨境流动规定》(2024-03-22)已将数据出境安全评估结果有效期由2年延长为3年,2026年7月官方政策问答口径为3年。本条保留以标明演进,不得按2年执行。"
qa-2022-07-07-deadline-2,deadline,"有效期届满仍需继续出境的,数据处理者应当在有效期届满60个工作日前重新申报评估。",数据处理者应当在有效期届满60个工作日前重新申报评估,"与第三版指南的“延期申请”并存但不同:合规官要在到期前60个工作日这一硬时点前,判断走重新申报还是走延期申请,逾期即出境活动失去合法依据。",in_force,cross_border,qa-2022-07-07,04-数据跨境专题.md,
qa-2022-07-07-deadline-3,deadline,"国家网信部门自收到申报材料之日起7个工作日内决定是否受理,自出具书面受理通知书之日起45个工作日内完成评估(复杂情形可延长)。",自收到申报材料之日起7个工作日内确定是否受理评估；自出具书面受理通知书之日起45个工作日内完成数据出境安全评估,"项目排期须按“7个工作日受理 + 45个工作日评估”倒推业务上线时间,并把可能的补正/延长计入缓冲,避免承诺客户不可能的出境上线日期。",in_force,cross_border,qa-2022-07-07,04-数据跨境专题.md,
qa-2023-02-24-filing,filing,"标准合同有效期内出现出境目的/范围/种类/敏感程度/方式/保存地点变化、延长境外保存期限、境外接收方所在国法规变化等情形的,应当重新开展影响评估、补充或重新订立标准合同并重新备案。",应当重新开展个人信息保护影响评估，补充或者重新订立标准合同，并履行备案手续,"需要设变更触发清单:新增出境字段、换境外接收方用途、延长境外留存期、接收方所在国立法变动,任一发生即启动重新备案流程,不能只做内部记录。",in_force,cross_border,qa-2023-02-24,04-数据跨境专题.md,
qa-2023-02-24-deadline-2,deadline,"《办法》施行前已开展、且不符合规定的个人信息出境活动,应当自施行之日起6个月内完成整改。",本办法施行前已经开展的个人信息出境活动，不符合本办法规定的，应当自本办法施行之日起6个月内完成整改,"存量出境场景不能沿用旧安排:合规官需盘点施行前已有的出境链路,在6个月过渡期内补签标准合同并完成备案或转走评估路径。",in_force,cross_border,qa-2023-02-24,04-数据跨境专题.md,
qa-2023-02-24-procedure,procedure,"禁止以数量拆分等手段,把依法应当通过出境安全评估的个人信息改用订立标准合同的方式出境。",不得采取数量拆分等手段，将依法应当通过出境安全评估的个人信息通过订立标准合同的方式向境外提供,"直接封堵“拆合同/拆主体/分批出境”的规避设计:方案评审时须核查是否存在人为拆分以压低人数口径,发现即整改并改走评估申报。",in_force,cross_border,qa-2023-02-24,04-数据跨境专题.md,
provincial-contacts-2023-11-03-filing,filing,"申报材料、备案材料由所在地省级网信部门接收,网信办已公布32家省级互联网信息办公室的办公地址与联系电话名单。",现将各地省级网信部门接收申报材料、备案材料的办公地址和联系电话公布如下,"提交前须按注册/经营所在地对照该名单确定受理机关(含新疆生产建设兵团网信办等32家),按公布地址与电话递交并核对完备性,避免投错受理口径。",in_force,general,provincial-contacts-2023-11-03,04-数据跨境专题.md,
dpo-reporting-2025-07-18-deadline,deadline,处理个人信息达到100万人的处理者，必须自达到该数量之日起30个工作日内完成个人信息保护负责人信息报送。,应当自数量达到之日起30个工作日内完成信息报送,"合规官需要建立""处理人数是否触及100万""的持续监测，并在触线当日启动30个工作日的报送倒计时台账。",in_force,audit,dpo-reporting-2025-07-18,06-数据分类分级与合规审计.md,
dpo-reporting-2025-07-18-deadline-2,deadline,公告发布前处理个人信息数量已达100万人的处理者，须在2025年8月29日前完成个人信息保护负责人信息报送（存量一次性截止日）。,应当在2025年8月29日前完成信息报送,存量企业有一个硬截止日，合规官需核查该日期前是否已报送；未报送即处于持续违规状态，应立即补报。,in_force,audit,dpo-reporting-2025-07-18,06-数据分类分级与合规审计.md,
dpo-reporting-2025-07-18-threshold,threshold,处理100万人以上个人信息的处理者，应当向所在地设区的市级网信部门（而非省级或国家级）履行个人信息保护负责人信息报送手续。,应当向所在地设区的市级网信部门履行个人信息保护负责人信息报送手续,"确定报送对象层级为""所在地设区的市级网信部门""，多地经营的企业需按注册/经营所在地分别确认主管机关。",in_force,audit,dpo-reporting-2025-07-18,06-数据分类分级与合规审计.md,
dpo-reporting-2025-07-18-deadline-3,deadline,已报送的个人信息保护负责人信息发生实质性变更的，应当自变更之日起30个工作日内办理信息变更手续。,应当在变更之日起30个工作日内办理信息变更手续,DPO 离职/换人/联系方式变更时触发30个工作日变更义务，需把该动作写进人事异动流程。,in_force,audit,dpo-reporting-2025-07-18,06-数据分类分级与合规审计.md,
minors-audit-reporting-2025-12-29-deadline,deadline,处理未成年人个人信息的处理者，应当于每年1月底前报送上一年度未成年人个人信息保护合规审计情况。,应当于每年1月底前报送上一年度未成年人个人信息保护合规审计情况,固定年度截止日：每年1月31日前必须完成上年度报送，需在合规日历中排期并倒推审计执行时间。,in_force,audit,minors-audit-reporting-2025-12-29,06-数据分类分级与合规审计.md,
minors-audit-reporting-2025-12-29-filing,filing,处理未成年人个人信息的处理者应当自行或委托专业机构每年开展一次未成年人个人信息保护合规审计，并向所在地设区的市级网信部门报送审计情况。,并向所在地设区的市级网信部门报送合规审计情况,"确认未成年人审计为""每年一次""的强制频率且报送对象为市级网信部门，不能等监管要求才做。",in_force,audit,minors-audit-reporting-2025-12-29,06-数据分类分级与合规审计.md,
dpo-reporting-2025-07-18-filing,filing,"个人信息保护负责人信息报送采用线上方式，通过""个人信息保护业务系统""（https://grxxbh.cacdtsc.cn）办理，也可从中国网信网""全国网信政务办事大厅""进入。",https://grxxbh.cacdtsc.cn,明确唯一线上报送渠道，合规官需提前注册账号并按系统首页《填报说明（第一版）》准备材料，不必线下跑窗口。,in_force,audit,dpo-reporting-2025-07-18,06-数据分类分级与合规审计.md,
minors-audit-reporting-2025-12-29-filing-2,filing,"未成年人个人信息保护合规审计情况同样通过""个人信息保护业务系统""线上报送，按系统首页的《未成年人个人信息保护合规审计情况报送系统填报说明（第一版）》提交材料。",未成年人个人信息保护合规审计情况报送工作采用线上方式,未成年人审计报送与 DPO 报送共用同一系统但填报说明不同，需分别下载对应版本填报说明准备材料。,in_force,audit,minors-audit-reporting-2025-12-29,06-数据分类分级与合规审计.md,
audit-certified-institutions-b2-2026-03-26-procedure,procedure,委托外部机构做个人信息保护合规审计时，应对照官方公布的认证机构名单核查——第二批共14家机构获得个人信息保护合规审计服务认证证书。,14家机构获个人信息保护合规审计服务认证证书,采购审计服务前必须核对供应商是否在两批认证名单内；名单具体机构名称在原文中以图片形式发布，纯文本存档未包含逐家名称。,in_force,audit,audit-certified-institutions-b2-2026-03-26,06-数据分类分级与合规审计.md,
audit-certified-institutions-b1-2025-10-21-procedure,procedure,第一批个人信息保护合规审计服务认证专业机构共13家，由中央网信办数据与技术保障中心、中国网络安全审查认证和市场监管大数据中心、北京赛西认证有限责任公司联合发布。,13家机构获个人信息保护合规审计服务认证证书,确立首批合格供应商池规模（13家）与发证主体，用于供应商资质尽调；文本存档中未含逐家机构名称（原文为图片）。,in_force,audit,audit-certified-institutions-b1-2025-10-21,06-数据分类分级与合规审计.md,
audit-certified-institutions-b1-2025-10-21-procedure-2,procedure,专业机构的认证资质需通过国家认证认可监督管理委员会官方网站（http://www.cnca.gov.cn）自行查验。,具体信息可通过国家认证认可监督管理委员会官方网站,给出可核验的官方查询入口，供应商尽调时应在 cnca.gov.cn 上验证证书真伪与有效期，而非只看机构自称。,in_force,audit,audit-certified-institutions-b1-2025-10-21,06-数据分类分级与合规审计.md,
dpo-reporting-2025-07-18-filing-2,filing,该报送义务的法律依据为《个人信息保护法》第五十二条和《个人信息保护合规审计管理办法》第十二条，未履行报送手续的依照有关法律法规规章处理。,《个人信息保护法》第五十二条、《个人信息保护合规审计管理办法》第十二条规定,给出可引用的条文出处，便于在内部合规意见书中定位处罚依据；公告本身未规定具体罚款金额，仅作转致。,in_force,audit,dpo-reporting-2025-07-18,06-数据分类分级与合规审计.md,
app-notice-2026-06-11-deadline,deadline,被2026年6月11日通报点名的30款App运营者，须自通报发布之日起15个工作日内完成整改并将整改情况书面报送中央网信办。,相关App运营者应当于本通报发布之日起的15个工作日内完成整改，并将整改情况报我办。,"合规官需按通报日(2026-06-11)起算15个工作日的倒排整改期，安排复测并通过通报所载渠道(010-55635865 / appzhili@cac.gov.cn)报送整改报告；逾期或整改不到位将被""会同有关部门核查""并依法处置处罚。",in_force,audit,app-notice-2026-06-11,03-执法案例库.md,
app-notice-2025-05-06-deadline,deadline,被2025年5月6日通报点名的15款App和16款SDK运营者，同样须自通报发布之日起15个工作日内完成整改并报送整改情况。,三、相关App和SDK运营者应当于本通报发布之日起的15个工作日内完成整改,"确认""15个工作日""是两批通报一致的固定整改窗口(非个案),且义务主体明确包含SDK提供方而不止App运营者——SDK厂商必须自建整改与报送流程,不能推给宿主App。",in_force,audit,app-notice-2025-05-06,03-执法案例库.md,
special-action-progress-2026-08-19-penalty,penalty,违法违规问题App/SDK面临的处置后果已升级到下架：专项行动中公开通报1100余款、对400余款采取下架等处置处罚措施。,公开通报1100余款存在违法违规问题的App、SDK，对400余款采取下架等处置处罚措施,"合规官可用""通报1100余款、下架400余款""(约36%被通报者被进一步处置)量化不整改的商业风险，据此把应用商店下架列入风险登记册并提升整改优先级。",in_force,enforcement,special-action-progress-2026-08-19,03-执法案例库.md,
china-pi-report-2025-2026-06-12-3-filing,filing,人脸识别技术应用备案、个人信息保护负责人信息报送已作为监管常态工作推进并已上线支撑系统，处理者须完成相应备案与报送。,有序开展人脸识别技术应用备案、个人信息保护负责人信息报送等工作,"合规官需自查两项行政手续是否已办：一是有人脸识别应用场景的须做技术应用备案，二是须指定并向监管报送个人信息保护负责人信息；官方已上线支撑系统意味着可被后台比对到""未报送""。",in_force,audit,china-pi-report-2025-2026-06-12-3,01-法律法规体系.md,
special-action-progress-2026-08-19-procedure,procedure,个人信息处理规则须明确说明个人信息是否用于广告和用户画像，并须提供个性化广告关闭选项；此为2026年专项行动的专门核查项。,未明确收集个人信息用于广告、用户画像，未提供个性化广告关闭选项等问题,"合规官需逐条比对隐私政策是否写明""用于广告/用户画像""的目的，并在App内提供可用的个性化广告一键关闭开关——该项已对1000余家企业和机构的产品开展核查检测。",in_force,enforcement,special-action-progress-2026-08-19,03-执法案例库.md,
app-notice-2026-06-11-procedure,procedure,2026年6月11日通报第四类为数量最多的一类：14款App未提供有效账号注销功能。,四、匠者、句苗岛等14款App未提供有效账号注销功能（详见下表）。,"账号注销是本批通报的头号高发问题(30款中占14款)，合规官应优先端到端实测注销入口是否可达、是否真正生效(而非仅""提交申请"")。",in_force,enforcement,app-notice-2026-06-11,03-执法案例库.md,
app-notice-2026-06-11-procedure-2,procedure,2026年6月11日通报第一类：7款App未公开个人信息收集使用规则。,一、锐新教育、趣学车等7款App未公开个人信息收集使用规则（详见下表）。,合规官需确认App(含小程序)在显著位置公开可访问的收集使用规则/隐私政策，这是被通报四类问题之一。,in_force,enforcement,app-notice-2026-06-11,03-执法案例库.md,
app-notice-2026-06-11-procedure-3,procedure,2026年6月11日通报第三类：5款App未完整准确列明SDK收集使用个人信息情况。,三、中旅旅行、东融等5款App未完整准确列明SDK收集使用个人信息情况（详见下表）。,"合规官需维护并公示完整的第三方SDK清单(名称、收集的个人信息、目的、方式、范围)，""列了但不完整/不准确""同样被认定为违规。",in_force,enforcement,app-notice-2026-06-11,03-执法案例库.md,
app-notice-2026-06-11-procedure-4,procedure,2026年6月11日通报第二类：4款App频繁索要非必要权限。,二、蓝猫云商、大象优品等4款App频繁索要非必要权限（详见下表）。,"合规官需核查权限申请与业务功能的必要性映射，并限制用户拒绝后的重复弹窗频率——""频繁索要""本身即构成独立违规类型。",in_force,enforcement,app-notice-2026-06-11,03-执法案例库.md,
app-notice-2025-05-06-procedure,procedure,2025年5月6日通报中，16款SDK被认定存在未提供个人信息收集使用规则、未说明如何协助App响应用户权利请求、未及时响应投诉举报等问题。,二、CTP穿透采集、金仕达穿透采集等16款SDK收集使用个人信息,SDK提供方须独立发布自己的个人信息收集使用规则、书面说明协助宿主App响应用户权利请求的措施，并建立投诉举报的及时响应机制——这是直接针对SDK方(非App方)的三项具体义务。,in_force,enforcement,app-notice-2025-05-06,03-执法案例库.md,
app-notice-2026-06-11-procedure-5,procedure,App个人信息通报的执法依据为《网络安全法》《个人信息保护法》《网络数据安全管理条例》《App违法违规收集使用个人信息行为认定方法》。,《网络安全法》《个人信息保护法》《网络数据安全管理条例》《App违法违规收集使用个人信息行为认定方法》,合规官应以这四部文件(尤其《认定方法》的行为清单)作为App自查表的条款映射基准；相较2025年通报，2026年通报的联合发布主体为中央网信办、工业和信息化部、公安部(2025年还含市场监管总局)。,in_force,enforcement,app-notice-2026-06-11,01-法律法规体系.md,
china-pi-report-2025-2026-06-12-3-procedure,procedure,2025年发布9项个人信息保护相关国家标准，其中2项为强制性标准(电子产品信息清除、儿童手表安全管理)，7项为推荐性标准(敏感个人信息处理、个人信息跨境认证、个人信息合规审计等)。,9项个人信息保护相关国家标准发布，其中包括2项强制性标准,合规官需把2项强制性国标纳入必须符合的清单(做电子产品或儿童手表的直接受约束)，其余7项推荐性国标作为敏感信息处理、跨境认证与合规审计的落地依据；注意《报告》仅给出数量口径，未列标准号，采信前需回查标准原文。,in_force,general,china-pi-report-2025-2026-06-12-3,02-国家标准与TC260实践指南.md,
financial-data-classification-guide-2026-0-procedure,procedure,境内从事金融信息服务的金融信息服务提供者应按《金融信息服务数据分类分级指南》(国信办通字〔2026〕2号)开展数据分类分级和重要数据识别。,国信办通字〔2026〕2号,"合规官需将该文号登记进法规台账,并把该指南作为金融信息服务条线数据分类分级的直接依据文件;文号是后续报送、检查应对时的引用凭据。",in_force,financial,financial-data-classification-guide-2026-06-13,07-金融信息服务数据分类分级.md,
financial-data-classification-guide-2026-0-procedure-2,procedure,"适用主体范围限定为在中华人民共和国境内从事金融信息服务的金融信息服务提供者,应开展数据分类分级和重要数据识别工作。",适用于在中华人民共和国境内从事金融信息服务的金融信息服务提供者开展数据分类分级和重要数据识别工作,"合规官先做适用性判定:是否属于《金融信息服务管理规定》口径下的境内金融信息服务提供者;判定为是则立项分类分级+重要数据识别,判定为否则留存不适用说明。",in_force,financial,financial-data-classification-guide-2026-06-13-2,07-金融信息服务数据分类分级.md,
financial-data-classification-guide-2026-0-procedure-3,procedure,"分级采用四级制:核心数据、重要数据、敏感一般数据、常规一般数据,应按此四档对全部数据定级。",将数据从高到低分为四级，分别为核心数据、重要数据、敏感一般数据、常规一般数据,"合规官需把内部数据分级模型改造为四档(不能只用核心/重要/一般三档),并为新增的""敏感一般数据""设定单独的保护基线与权限策略。",in_force,financial,financial-data-classification-guide-2026-06-13-2,07-金融信息服务数据分类分级.md,
financial-data-classification-guide-2026-0-filing,filing,"分类分级流程应完成六步,其中包含形成数据分类分级清单并向主管部门报送重要数据目录、并做动态更新管理。",数据资源梳理、数据分类、数据分级、形成数据分类分级清单、报送重要数据目录、动态更新管理,"合规官据此排定六个交付物,重点是产出可提交的数据分类分级清单与重要数据目录并建立定期复核更新机制(报送为明确义务动作,非可选)。",in_force,audit,financial-data-classification-guide-2026-06-13-2,07-金融信息服务数据分类分级.md,
financial-data-classification-guide-2026-0-procedure-4,procedure,"分级规则须参照国家标准 GB/T 43697-2024《数据安全技术 数据分类分级规则》执行,该指南是其在金融信息服务领域的细化。",参照国家标准GB/T 43697-2024《数据安全技术 数据分类分级规则》,"合规官需以 GB/T 43697-2024 为上位通用规则、以本指南为行业特殊规则做叠加映射,已按通用标准定级的存量数据要做一次行业口径复核。",in_force,financial,financial-data-classification-guide-2026-06-13-2,07-金融信息服务数据分类分级.md,
financial-data-classification-guide-2026-0-procedure-5,procedure,分类采用三层结构:一级3类(业务数据/用户数据/企业数据)、二级9类、三级67类。,一级分类为业务数据、用户数据和企业数据3类，在此基础上进一步细分二级分类9类、三级分类67类,"合规官需按 3/9/67 的固定层级搭建数据资产目录字段,盘点结果必须能落到 67 个三级类目上,数量对不上即说明盘点有缺口。",in_force,financial,financial-data-classification-guide-2026-06-13-2,07-金融信息服务数据分类分级.md,
financial-data-classification-guide-2026-0-procedure-6,procedure,"指南附录A给出67类三级数据的描述、示例及各类数据分级的参考最低级别,定级时应逐类比对该参考最低级别。",《指南》附录A给出了金融信息服务数据第三级分类67类数据的数据描述和示例，以及数据分级的参考最低级别,"合规官定级时须逐类比对附录A的参考最低级别,任何低于参考值的定级都要书面说明理由,否则视为定级不合规。",in_force,financial,financial-data-classification-guide-2026-06-13-2,07-金融信息服务数据分类分级.md,"归档原文仅给出「参考最低级别」,未规定低于参考值的处理方式或后果;不得推断为「否则不合规」。"
financial-data-classification-guide-2026-0-exemption,exemption,涉及国家秘密的数据和军事数据不适用本指南(范围豁免)。,《指南》不适用于涉及国家秘密的数据和军事数据。,"合规官需在盘点范围说明中显式排除涉密数据与军事数据,改走保密/军工专门制度,避免用本指南口径错误处理涉密数据。",in_force,financial,financial-data-classification-guide-2026-06-13-2,07-金融信息服务数据分类分级.md,
financial-data-classification-guide-2026-0-filing-2,filing,应配合主管部门开展金融信息服务领域重要数据的识别、申报和认定工作。,组织开展金融信息服务领域重要数据识别、申报和认定工作,"合规官需预置重要数据申报材料与对口窗口(网信+人民银行等),在监管组织申报时能按期提交,而不是临时补做识别。",in_force,financial,financial-data-classification-guide-2026-06-13-2,07-金融信息服务数据分类分级.md,
financial-data-classification-guide-2026-0-procedure-7,procedure,"对经济运行、社会稳定、公共利益有一定影响,或对组织自身或公民个体造成重要影响的数据,应划入""敏感一般数据""档。",对经济运行、社会稳定、公共利益有一定影响，或者对组织自身或者公民个体造成重要影响的数据，划分为敏感一般数据,"合规官据此判定门槛把原本笼统归为""一般数据""的资产上提到敏感一般数据,并相应提高访问控制、加密与出境审查要求。",in_force,financial,financial-data-classification-guide-2026-06-13-2,07-金融信息服务数据分类分级.md,
financial-data-classification-guide-2026-0-procedure-8,procedure,"该指南由六部门(国家网信办、人民银行、金融监管总局、证监会、国家统计局、国家外汇管理局)联合制定,合规对接与检查应对需覆盖六个条线。",国家互联网信息办公室、中国人民银行、国家金融监督管理总局、中国证券监督管理委员会、国家统计局、国家外汇管理局制定了《金融信息服务数据分类分级指南》。,"合规官需明确多头监管对口关系(不止网信办),报送与问询可能来自六个部门任一,内部责任矩阵要相应拆分。",in_force,financial,financial-data-classification-guide-2026-06-13,07-金融信息服务数据分类分级.md,
financial-data-classification-guide-2026-0-definition,definition,"适用范围口径须与《金融信息服务管理规定》衔接,即按该规定对""金融信息服务""的定义判断自身是否落入监管范围。",《指南》衔接《金融信息服务管理规定》,"合规官须回到《金融信息服务管理规定》原文核对定义再做适用性结论;归档文本仅给出发文日期2026年6月8日与印发通知,未载明独立施行日期,生效时点需另行核实,不得对外声称具体施行日。",unclear,financial,financial-data-classification-guide-2026-06-13-2,07-金融信息服务数据分类分级.md,
face-recognition-filing-2025-05-30-deadline,deadline,自2025年6月1日起，人脸信息存储数量达到10万人的个人信息处理者，须自数量达到之日起30个工作日内向所在地省级以上网信部门履行备案手续。,应用人脸识别技术处理的人脸信息存储数量达到10万人的，应当自数量达到之日起30个工作日内履行备案手续。,合规官需对人脸库规模设10万人监控阈值，触发即启动30个工作日倒计时并向省级网信部门备案,in_force,biometrics,face-recognition-filing-2025-05-30,05-生成式AI与新兴技术合规.md,"《人脸识别技术应用安全管理办法》第十五条为「省级以上网信部门」;备案工作公告原文未写层级,故以办法条文为准。"
face-recognition-filing-2025-05-30-deadline-2,deadline,2025年6月1日前人脸信息存储量已达10万人的存量主体，必须在2025年7月14日前完成备案。,2025年6月1日前，应用人脸识别技术处理的人脸信息存储数量已经达到10万人的，应当在2025年7月14日前履行备案手续。,存量业务不能按“达到之日起30个工作日”计算，需核查该固定截止日是否已逾期并补办,in_force,biometrics,face-recognition-filing-2025-05-30,05-生成式AI与新兴技术合规.md,
face-recognition-filing-2025-05-30-deadline-3,deadline,备案信息发生实质性变更的，应在变更之日起30个工作日内办理备案变更手续。,备案信息发生实质性变更的，应当在变更之日起30个工作日内办理备案变更手续。,人脸系统用途、存储量级、责任人等变更需纳入变更管理流程，30个工作日内报变更,in_force,biometrics,face-recognition-filing-2025-05-30,05-生成式AI与新兴技术合规.md,
face-recognition-filing-2025-05-30-filing,filing,人脸识别技术应用备案只走线上渠道，通过“个人信息保护业务系统”（https://grxxbh.cacdtsc.cn）提交。,人脸识别技术应用备案采用线上方式。请直接访问“个人信息保护业务系统”（https://grxxbh.cacdtsc.cn）,明确唯一申报入口与填报说明来源，避免向地方线下窗口递交而错过时限,in_force,biometrics,face-recognition-filing-2025-05-30,05-生成式AI与新兴技术合规.md,
pi-policy-qa-2026-04-29-threshold,threshold,处理超过1000万人个人信息的处理者，必须每两年至少开展一次个人信息保护合规审计。,处理超过1000万人个人信息的个人信息处理者，应当每两年至少开展一次个人信息保护合规审计。,以当前在处理（不含已删除）的自然人数是否超1000万来决定审计周期，并排入两年一次的审计计划,in_force,audit,pi-policy-qa-2026-04-29,06-数据分类分级与合规审计.md,
pi-policy-qa-2026-04-29-procedure,procedure,涉及个人信息数量的门槛均包含本数，按当前处理的自然人数量统计，已删除的个人信息不计入。,均包含本数，按照个人信息处理者当前处理个人信息涉及的自然人数量进行统计，统计中不包括已经删除的个人信息。,给出统一计数口径：可将已删除数据剔除后重算人数，判断是否落入100万/1000万等各类门槛,in_force,general,pi-policy-qa-2026-04-29,06-数据分类分级与合规审计.md,
pi-policy-qa-2026-04-29-procedure-2,procedure,处理未成年人个人信息的，须自行或委托专业机构每年开展一次合规审计并将审计情况及时报告网信等部门；无论是否识别未成年人身份均适用。,个人信息处理者应当自行或者委托专业机构每年对其处理未成年人个人信息遵守法律、行政法规的情况进行合规审计，并将审计情况及时报告网信等部门。,不能以“我们不识别未成年人身份”豁免，必须建立年度未成年人审计+报送网信部门的固定动作,in_force,audit,pi-policy-qa-2026-04-29,06-数据分类分级与合规审计.md,
pi-policy-qa-2026-01-09-threshold,threshold,处理100万人以上个人信息的处理者应当指定个人信息保护负责人。,处理100万人以上个人信息的个人信息处理者应当指定个人信息保护负责人,跨过100万人门槛即须任命DPO并明确其负责合规审计工作职责,in_force,audit,pi-policy-qa-2026-01-09,06-数据分类分级与合规审计.md,
pi-policy-qa-2026-01-09-filing,filing,个人信息保护负责人信息报送采用线上方式，通过“个人信息保护业务系统”（https://grxxbh.cacdtsc.cn）按填报说明提交。,个人信息保护负责人信息报送采用线上方式。可直接访问“个人信息保护业务系统”（https://grxxbh.cacdtsc.cn）,任命DPO后还需在指定线上系统完成信息报送，入口与人脸备案同一系统,in_force,audit,pi-policy-qa-2026-01-09,06-数据分类分级与合规审计.md,
cross-border-policy-qa-2026-07-24-deadline,deadline,数据出境安全评估结果有效期3年，需继续出境的应在有效期届满前60个工作日内通过省级网信部门申请延长。,数据处理者可以在有效期届满前60个工作日内通过所在地省级网信部门向国家网信部门提出延长评估结果有效期申请,按评估结果出具日+3年设台账，并在到期前60个工作日的窗口内递交延期申请，否则须重新申报,in_force,cross_border,cross-border-policy-qa-2026-07-24,04-数据跨境专题.md,
cross-border-policy-qa-2026-07-24-procedure,procedure,申请延长出境评估有效期须同时满足多项条件，其中未来三年出境自然人数量增幅不得超过原评估准予量的20%。,未来三年涉及自然人数量增幅不超过原评估结果准予过去三年出境数量的20%,延期前先测算未来三年出境人数/数据规模增幅是否超20%，超出则应重新申报而非申请延期,in_force,cross_border,cross-border-policy-qa-2026-07-24,04-数据跨境专题.md,
cross-border-policy-qa-2025-05-30-deadline,deadline,被告知或公开发布掌握重要数据后需继续出境的，应在被告知或公开发布后2个月内通过省级网信部门申报数据出境安全评估；未被告知或公开发布为重要数据的则无需按重要数据申报，也不会因此受行政处罚。,应当在被告知或者公开发布后2个月内，通过所在地省级网信部门向国家网信部门申报数据出境安全评估。,收到重要数据告知函即启动2个月申报倒计时；未被告知前可不按重要数据申报，避免过度合规,in_force,cross_border,cross-border-policy-qa-2025-05-30,04-数据跨境专题.md,
